{"cameraMode":{"drawMode":0,"name":"Shaded","section":"Shading Mode"},"sceneLighting":true,"audioPlay":false,"sceneViewState":{"showFog":true,"showMaterialUpdate":false,"showSkybox":true,"showFlares":true,"showImageEffects":true,"showParticleSystems":true},"in2DMode":false,"pivot":{"x":0.15985107421875,"y":1.2423877716064454,"z":2.22509765625},"rotation":{"x":0.1994316130876541,"y":0.19403377175331117,"z":-0.04032294452190399,"w":0.9596628546714783},"size":7.661083698272705,"orthographic":true}