{"cameraMode":{"drawMode":0,"name":"Shaded","section":"Shading Mode"},"sceneLighting":true,"audioPlay":false,"sceneViewState":{"showFog":true,"showMaterialUpdate":false,"showSkybox":true,"showFlares":true,"showImageEffects":true,"showParticleSystems":true},"in2DMode":false,"pivot":{"x":0.159912109375,"y":1.2425251007080079,"z":2.2209012508392336},"rotation":{"x":0.27971822023391726,"y":-0.39198097586631777,"z":0.12642723321914674,"w":0.8672510981559753},"size":51.981781005859378,"orthographic":true}