{"cameraMode":{"drawMode":0,"name":"Shaded","section":"Shading Mode"},"sceneLighting":true,"audioPlay":false,"sceneViewState":{"showFog":true,"showMaterialUpdate":false,"showSkybox":true,"showFlares":true,"showImageEffects":true,"showParticleSystems":true},"in2DMode":false,"pivot":{"x":1.5699999332427979,"y":0.21432702243328095,"z":12.300081253051758},"rotation":{"x":0.4095393121242523,"y":0.08464665710926056,"z":-0.0381973497569561,"w":0.9075536131858826},"size":4.1055216789245609,"orthographic":true}