{"cameraMode":{"drawMode":0,"name":"Shaded","section":"Shading Mode"},"sceneLighting":true,"audioPlay":false,"sceneViewState":{"showFog":true,"showMaterialUpdate":false,"showSkybox":true,"showFlares":true,"showImageEffects":true,"showParticleSystems":true},"in2DMode":false,"pivot":{"x":146.75,"y":263.8500061035156,"z":-7.289999008178711},"rotation":{"x":0.10691523551940918,"y":0.3030342161655426,"z":-0.03423585370182991,"w":0.9463450312614441},"size":24.309955596923829,"orthographic":true}