{"cameraMode":{"drawMode":0,"name":"Shaded","section":"Shading Mode"},"sceneLighting":true,"audioPlay":false,"sceneViewState":{"showFog":true,"showMaterialUpdate":false,"showSkybox":true,"showFlares":true,"showImageEffects":true,"showParticleSystems":true},"in2DMode":false,"pivot":{"x":-63.60581588745117,"y":0.8836321830749512,"z":-65.57946014404297},"rotation":{"x":0.49777495861053469,"y":0.09330588579177857,"z":-0.053969696164131168,"w":0.860582172870636},"size":37.65694046020508,"orthographic":true}