{"cameraMode":{"drawMode":0,"name":"Shaded","section":"Shading Mode"},"sceneLighting":true,"audioPlay":false,"sceneViewState":{"showFog":true,"showMaterialUpdate":false,"showSkybox":true,"showFlares":true,"showImageEffects":true,"showParticleSystems":true},"in2DMode":false,"pivot":{"x":0.5299999713897705,"y":1.3040390014648438,"z":-0.8727895021438599},"rotation":{"x":0.20212511718273164,"y":0.5608473420143127,"z":-0.14350667595863343,"w":0.7899384498596191},"size":8.267839431762696,"orthographic":true}