{"cameraMode":{"drawMode":0,"name":"Shaded","section":"Shading Mode"},"sceneLighting":true,"audioPlay":false,"sceneViewState":{"showFog":true,"showMaterialUpdate":false,"showSkybox":true,"showFlares":true,"showImageEffects":true,"showParticleSystems":true},"in2DMode":false,"pivot":{"x":1.5699999332427979,"y":0.21432702243328095,"z":12.300081253051758},"rotation":{"x":0.49777495861053469,"y":0.09330588579177857,"z":-0.053969696164131168,"w":0.860582172870636},"size":2435.507080078125,"orthographic":true}