{"cameraMode":{"drawMode":0,"name":"Shaded","section":"Shading Mode"},"sceneLighting":true,"audioPlay":false,"sceneViewState":{"showFog":true,"showMaterialUpdate":false,"showSkybox":true,"showFlares":true,"showImageEffects":true,"showParticleSystems":true},"in2DMode":false,"pivot":{"x":549.8673095703125,"y":18.020000457763673,"z":183.10311889648438},"rotation":{"x":0.12749792635440827,"y":0.13199791312217713,"z":-0.017122823745012285,"w":0.9828674793243408},"size":1.5030672550201417,"orthographic":true}