{"cameraMode":{"drawMode":0,"name":"Shaded","section":"Shading Mode"},"sceneLighting":true,"audioPlay":false,"sceneViewState":{"showFog":true,"showMaterialUpdate":false,"showSkybox":true,"showFlares":true,"showImageEffects":true,"showParticleSystems":true},"in2DMode":false,"pivot":{"x":1.6268417835235596,"y":0.28049010038375857,"z":1.4721815586090088},"rotation":{"x":0.478439062833786,"y":0.007902910932898522,"z":-0.004306083079427481,"w":0.878075122833252},"size":9.305523872375489,"orthographic":true}